Chauffeur C / CE / Nacht-Tour m/w/d|2022-06-11|Oberbipp|True|https://www.jobs.ch/de/stellenangebote/detail/2df6a129-1756-4a71-af9d-7d6c760f0e41/
Verkaufsmitarbeiter m/w/d|2022-06-11|Koeniz|True|https://www.jobs.ch/de/stellenangebote/detail/ea2ed11c-ffd1-4a5e-abfe-2c532568bdf7/
Chauffeur Kat. C/E palettisiert m/w/d|2022-06-11|Herzogenbuchsee|True|https://www.jobs.ch/de/stellenangebote/detail/26cbebab-226f-4f0c-8c29-1a790a77a946/
Projektleitung (m/w) 80 - 100%|2022-06-11|Bern|True|https://www.jobs.ch/de/stellenangebote/detail/7c09753a-0436-4c9a-ac46-b57fa64f7cf5/
Medizinische Sekretaerin (a)|2022-06-11|Burgdorf|True|https://www.jobs.ch/de/stellenangebote/detail/f38986ec-0966-4550-a7e4-d6da7cd7114b/
Hochschulpraktikantin / Hochschulpraktikant Kommunikation IT der Armee|2022-06-11|Bern|True|https://www.jobs.ch/de/stellenangebote/detail/92981ac9-e593-4f47-ac9a-ae984ced3f31/
HR Business Partner (w/m)|2022-06-11|Wangen an der Aare|True|https://www.jobs.ch/de/stellenangebote/detail/a099caf9-ee21-463e-8303-e0be10b4333e/
Verkaufsspezialist Solar (m/w/d)|2022-06-11|Zollikofen|True|https://www.jobs.ch/de/stellenangebote/detail/3e8766bd-850a-4e12-b9d3-da0cfbab03e3/
Sachbearbeiter Datenmanagement (m/w/d)|2022-06-11|Bern|True|https://www.jobs.ch/de/stellenangebote/detail/1f5f4e9a-6fe8-4dc7-9639-2d1958931eae/
Sachbearbeiter Payroll (w/m)|2022-06-11|Bern|True|https://www.jobs.ch/de/stellenangebote/detail/83cd671c-f978-4d4d-b884-bc4bc30f51b2/
Sachbearbeiter Accounts Payables (w/m)|2022-06-11|Bern|True|https://www.jobs.ch/de/stellenangebote/detail/cccacef6-10a7-40de-a3de-0d045f272ad6/
Pharmazeut oder Chemiker (w/m/d)|2022-06-11|Bern|True|https://www.jobs.ch/de/stellenangebote/detail/d20af301-bf34-47d3-9d51-6d7647bf6483/
Nachtpraesenz|2022-06-11|Bern|True|https://www.jobs.ch/de/stellenangebote/detail/0c838a16-1aeb-4d8b-9a8b-481c41bac324/
Fachverantwortliche*r ICT|2022-06-11|Bern|True|https://www.jobs.ch/de/stellenangebote/detail/fa840207-8a4e-4af3-a8b5-266bf3a41991/
Teamleiter*in Systemtechnik ICT-Systemspezialist*in|2022-06-11|Bern|True|https://www.jobs.ch/de/stellenangebote/detail/fab23d65-3d2e-43d7-b803-7263796a7164/
Kundenberater/in Privatkunden Basis|2022-06-11|Thun|True|https://www.jobs.ch/de/stellenangebote/detail/04c146c8-a67c-4bcd-bc60-22cc5a9614ed/
Mitarbeiter Abwicklung / Wertschriftenadministration (m/w/d)|2022-06-11|Bern|True|https://www.jobs.ch/de/stellenangebote/detail/55199605-e182-43a6-8af8-ae4d8365af9c/
Gebaeudereiniger/-in EFZ 100%|2022-06-11|Bern|True|https://www.jobs.ch/de/stellenangebote/detail/89571edc-63c3-4fae-a9b8-8d3ecaa620b2/
Dipl. Pflegefachfrau/-mann als Nachtwache im Stundenlohn|2022-06-11|Seftigenstrasse 116, 3123 Belp|True|https://www.jobs.ch/de/stellenangebote/detail/a59ffb2e-0991-4bba-897a-7384587e2156/
Produzent:in Team Rendez-Vous/Info3|2022-06-11|Bern|True|https://www.jobs.ch/de/stellenangebote/detail/37c0cab6-ba4d-4474-b0d4-0c2be96b85ed/
ICT-Applikations-Manager|2022-06-11|Thun|True|https://www.jobs.ch/de/stellenangebote/detail/86a442eb-0571-4375-9f5d-326a3666122e/
Stv. Leiter:in Rezeption, Bankette & Events|2022-06-11|Guttannen|True|https://www.jobs.ch/de/stellenangebote/detail/bde6b4d4-de72-439b-93ee-5cefaa2a4736/
Fachfrau / Fachmann Gesundheit (FAGE) 80-100% (Interdisziplinaere Abteilung)|2022-06-11|Bern|True|https://www.jobs.ch/de/stellenangebote/detail/9c005368-1f51-4c0e-b3b1-c65b32d8b403/
Fachperson Herzkatheterlabor 80-100% - Bern|2022-06-11|Bern|True|https://www.jobs.ch/de/stellenangebote/detail/dbec4ef9-e5d3-481c-9445-3cdd3436be0b/
Sachbearbeiter:in Medizinische Codierung SwissDRG|2022-06-11|Bern|True|https://www.jobs.ch/de/stellenangebote/detail/eeb1f673-d5ae-4009-bebf-7d8fb0c49aa2/
IT Consultant Schul- und Learningloesungen (80-100%)|2022-06-11|Bern oder Zuerich|True|https://www.jobs.ch/de/stellenangebote/detail/522d65aa-ca6f-4389-905f-53bfc526697e/
Baufuehrer/in Fachrichtung Spezialtiefbau|2022-06-11|Guemligen|True|https://www.jobs.ch/de/stellenangebote/detail/0d06294e-c107-46f0-a577-532b181bd036/
Stellvertreter*in Fachmarktleitung Do it + Garden|2022-06-11|Bern|True|https://www.jobs.ch/de/stellenangebote/detail/ada5a43f-70c5-4886-8f12-b4b506af365e/
Mitarbeiter/in Gaesteservice 80%|2022-06-11|Tschugg|True|https://www.jobs.ch/de/stellenangebote/detail/cd5ad131-aadf-48f5-9bf7-ddf283f66507/
Fachberater*in Pflanzen|2022-06-11|Thun|True|https://www.jobs.ch/de/stellenangebote/detail/22f3189d-36ce-449a-80db-0b7386f36cbb/
Digital Marketing Project Leader - 100%|2022-06-11|Biel/Bienne|True|https://www.jobs.ch/de/stellenangebote/detail/5242728f-2379-43ee-af2c-0b9407b45004/
Assistant (e) Marketing & Communication 100%|2022-06-11|Moutier|True|https://www.jobs.ch/de/stellenangebote/detail/1c1cd410-798f-4339-8c35-dc3dafa20f74/
PRODUCT MANAGER 100%|2022-06-11|Biel|True|https://www.jobs.ch/de/stellenangebote/detail/6b0e776d-f208-4c73-9b4a-c852e64317a3/
Infographiste 3D - CDD 1 an|2022-06-11|St-Imier|True|https://www.jobs.ch/de/stellenangebote/detail/98853d87-5f06-4352-9d67-2a080cce5501/
Product & Marketing Budget Coordinator 100%|2022-06-11|Biel/Bienne|True|https://www.jobs.ch/de/stellenangebote/detail/5c30337f-cfa1-4cb8-bc2c-707acf91a7ac/
Sales Coordinator 60-80%|2022-06-11|Lengnau (BE)|True|https://www.jobs.ch/de/stellenangebote/detail/67810f62-2614-40dc-a45d-a2f2731f5a1f/
Op-rateur polyvalent tr-filage|2022-06-11|Tavannes|True|https://www.jobs.ch/de/stellenangebote/detail/cc8d269b-4a20-437d-8522-29b71b4643d6/
SAP DEVELOPER|2022-06-11|Bienne|True|https://www.jobs.ch/de/stellenangebote/detail/49dc1ca8-8c29-4d0a-add0-96821c26f42a/
Fachspezialist Technische Beratung (m/w) 80-100%|2022-06-11|Bern|True|https://www.jobs.ch/de/stellenangebote/detail/e259eaba-1991-4c80-8f71-43f5a60ff90f/
iOS / aOS & Xamarin Applikations Entwickler|2022-06-11|Bern|True|https://www.jobs.ch/de/stellenangebote/detail/b8a3917e-3989-4831-b698-d8107005f48d/
