Praktikant/in 80-100% fuer 12 Monate|/de/job/praktikant-f%C3%BCr-monate/6802427/|Urtenen-Schoenbuehl|EKB GmbH
Lagerverantwortliche(r) 100% im Fruechte- + Gemuesehandel (Tagschicht)|/de/job/lagerverantwortliche-fr%C3%BCchte-gem%C3%BCsehandel/7197308/|Niederwangen|Kueng &amp; Steiner AG
Sachbearbeiter Datenmanagement (m/w/d)|/de/job/sachbearbeiter-datenmanagement/7389273/|Bern|Eidgenoessische Finanzmarktaufsicht FINMA
Projektleitung (m/w) 80 - 100%|/de/job/projektleitung/7389271/|Bern|NZZ
Immobilienbuchhalter/in (80% - 100%)|/de/job/immobilienbuchhalter/7319265/|Bern 6|Regimo Bern AG
REGIONAL VERKAUFSLEITER (m/w)|/de/job/regional-verkaufsleiter/7389654/|Bern - Freiburg - Wallis|CHRONOS Personalberatung
Geschaeftspartner*in Kommunikation fuer Personal und Finanzen|/de/job/gesch%C3%A4ftspartner-kommunikation-f%C3%BCr-personal-und-finanzen/7389302/|Bern|Die Schweizerische Post
Pharmazeut oder Chemiker (w/m/d)|/de/job/pharmazeut-oder-chemiker/7389270/|Bern|Eidgenoessisches Institut fuer Geistiges Eigentum
Jurist/in (100%) in Bern, WankdorfCity|/de/job/jurist-bern-wankdorfcity/7389090/|Bern|KPT Krankenkasse AG
Projekt Manager:in Inhouse Consulting|/de/job/projekt-manager-inhouse-consulting/7389032/|Bern / Work Smart|SBB CFF FFS
Logistiker/in EFZ 100%|/de/job/logistiker-efz/7389021/|Region Bern / Berner Oberland|Joker Personal AG
Mitarbeiter/in Administration 100%|/de/job/mitarbeiter-administration/7389016/|Region Bern / Berner Oberland|Joker Personal AG
Anlagen-/Apparatebauer/in EFZ 100%|/de/job/anlagen-apparatebauer-efz/7389006/|Region Bern / Berner Oberland|Joker Personal AG
IT-Systemspezialist, 80-100%|/de/job/systemspezialist/7388939/|Bern|Careerplus
Head IT Services m/w, 80 - 100%|/de/job/head-services/7388936/|Bern|Careerplus
Assistent/in Bchhaltung|/de/job/assistent-bchhaltung/7388933/|Region Bern / Berner Oberland|Joker Personal AG
Kaufmann/frau 100%|/de/job/kaufmann-frau/7388924/|Region Bern / Berner Oberland|Joker Personal AG
Kaufmann/frau in der Sozialabteilung 80%|/de/job/kaufmann-frau-der-sozialabteilung/7388907/|Region Bern / Berner Oberland|Joker Personal AG
Sachbearbeiter/in Komptenzzentrum MwSt 40-60%|/de/job/sachbearbeiter-komptenzzentrum-mwst/7388903/|Region Bern / Berner Oberland|Joker Personal AG
Immobilienbewirtschafter/in 60-80 %|/de/job/immobilienbewirtschafter/7388897/|Region Bern / Berner Oberland|Joker Personal AG
HTML/CSS Spezialist:in (60-100%)|/de/job/html-css-spezialist/7389213/|Bern|ictjobs (Stellenmarkt)
Alliance &amp; Partner Manager|/de/job/alliance-partner-manager/7389068/|Burgdorf|Ypsomed AG
Praktikant/in 80-100% fuer 12 Monate|/de/job/praktikant-f%C3%BCr-monate/6802427/|Urtenen-Schoenbuehl|EKB GmbH
Sachbearbeiter Datenmanagement (m/w/d)|/de/job/sachbearbeiter-datenmanagement/7389273/|Bern|Eidgenoessische Finanzmarktaufsicht FINMA
Nachtpraesenz|/de/job/nachtpr%C3%A4senz/7389297/|Bern|Stadt Bern
Stellvertreter*in Fachmarktleitung Do it + Garden|/de/job/stellvertreter-fachmarktleitung-garden/7317097/|Bern|Genossenschaft Migros Aare
Mitarbeiter Abwicklung / Wertschriftenadministration (m/w/d)|/de/job/mitarbeiter-abwicklung-wertschriftenadministration/7389226/|Bern|Raiffeisenbank Bern
Fachverantwortliche*r ICT|/de/job/fachverantwortliche-ict/7389296/|Bern|Stadt Bern
Fachfrau / Fachmann Gesundheit (FAGE) 80-100% (Interdisziplinaere Abteilung)|/de/job/fachfrau-fachmann-gesundheit/7389232/|Bern|Hirslanden Salem-Spital
Fachperson Herzkatheterlabor 80-100% - Bern|/de/job/fachperson-herzkatheterlabor-bern/7389228/|Bern|Klinik Beau-Site
Sachbearbeiter:in Medizinische Codierung SwissDRG|/de/job/sachbearbeiter-medizinische-codierung-swissdrg/7389241/|Bern|Visana Services AG
Business Analyst:in Hochrechnung Personenverkehr|/de/job/business-analyst-hochrechnung-personenverkehr/7389049/|Bern Wylerpark / Work Smart|SBB CFF FFS
Aussendienst Mitarbeiter/-in 100%|/de/job/aussendienst-mitarbeiter/7389615/|Bern|Demaurex &amp; Co AG
Mitarbeiter/-in Kasse 100%|/de/job/mitarbeiter-kasse/7389614/|Bern|Aligro (Demaurex &amp; Co AG)
iOS / aOS &amp; Xamarin Applikations Entwickler|/de/job/ios-aos-xamarin-applikations-entwickler/7389170/|Bern|ITech Consult AG
SAP Entwickler 80-100% -- Data Migration/S/4HANA /ABAP /Fiori|/de/job/sap-entwickler-data-migration-4hana-abap-fiori/7389106/|Bern|ITech Consult AG
Collaborateur:trice sp-cialis-:e (60-80 %)|/de/job/collaborateur-trice-sp%C3%A9cialis%C3%A9/7389633/|Bern|ARTISET Kaderselektion
SAP BW/4HANA Applikationsentwickler (w/m)|/de/job/sap-4hana-applikationsentwickler/7389099/|Bern|BROMsolutions AG Biel
Teamleiter*in Systemtechnik ICT-Systemspezialist*in|/de/job/teamleiter-systemtechnik-ict-systemspezialist/7389295/|Bern|Stadt Bern
Sachbearbeiter Accounts Payables (w/m)|/de/job/sachbearbeiter-accounts-payables/7389294/|Bern|Galenica AG
Sachbearbeiter Payroll (w/m)|/de/job/sachbearbeiter-payroll/7389293/|Bern|Galenica AG
Verkaufsmitarbeiter m/w/d|/de/job/verkaufsmitarbeiter/7389339/|Koeniz|LANDI Genossenschaften
Pharmaberater (m/w) - Region BE/SO/VS|/de/job/pharmaberater-region/7389462/|Bern|OM Pharma
Responsable d'installations moyenne tension|/de/job/responsable-installations-moyenne-tension/7389442/|Bern|Engineering Management Selection E.M.S. AG
HTML/CSS Spezialist:in (60-100%)|/de/job/html-css-spezialist/7389213/|Bern|ictjobs (Stellenmarkt)
Alliance &amp; Partner Manager|/de/job/alliance-partner-manager/7389068/|Burgdorf|Ypsomed AG
Praktikant/in 80-100% fuer 12 Monate|/de/job/praktikant-f%C3%BCr-monate/6802427/|Urtenen-Schoenbuehl|EKB GmbH
Pharmazeut oder Chemiker (w/m/d)|/de/job/pharmazeut-oder-chemiker/7389270/|Bern|Eidgenoessisches Institut fuer Geistiges Eigentum
Hochschulpraktikantin / Hochschulpraktikant Kommunikation IT der Armee|/de/job/hochschulpraktikantin-hochschulpraktikant-kommunikation-der-armee/7389327/|Bern|Schweizer Armee - Fuehrungsunterstuetzungsbasis FUB
Gebaeudereiniger/-in EFZ 100%|/de/job/geb%C3%A4udereiniger-efz/7389246/|Bern|Domicil Bern AG
Produzent:in Team Rendez-Vous/Info3|/de/job/produzent-team-rendez-vous-info3/7389233/|Bern|Schweizer Radio und Fernsehen
HTML/CSS Spezialist:in (60-100%)|/de/job/html-css-spezialist/7389213/|Bern|ictjobs (Stellenmarkt)
ICT Solution Engineer*in|/de/job/ict-solution-engineer/7389215/|Bern|ictjobs (Stellenmarkt)
Fachspezialist Technische Beratung (m/w) 80-100%|/de/job/fachspezialist-technische-beratung/7389212/|Bern|Touring Club Schweiz
Entwicklungsingenieur Mechatronik/Robotik|/de/job/entwicklungsingenieur-mechatronik-robotik/7389132/|Bern|yellowshark- AG
Technischer Vertriebsmitarbeiter im Aussendienst Baubranche (m/w/d)|/de/job/technischer-vertriebsmitarbeiter-aussendienst-baubranche/7389074/|Bern|ROCKEN
Bauleiter Elektro (m/w/d)|/de/job/bauleiter-elektro/7389026/|Bern|ROCKEN
Auftrags- und Produktionsmanager:in Fahrbahn oder Fahrstrom|/de/job/auftrags-und-produktionsmanager-fahrbahn-oder-fahrstrom/7389003/|Bern|SBB CFF FFS
Fachexpert:in Arbeitszeit|/de/job/fachexpert-arbeitszeit/7389002/|Bern|SBB CFF FFS
Verkaufsspezialist Solar (m/w/d)|/de/job/verkaufsspezialist-solar/7389257/|Zollikofen|CKW Bereich Gebaeudetechnik
Anlagenfuehrer|/de/job/anlagenf%C3%BChrer/7389639/|Niederwangen|Manpower SA
SAP ARIBA Modulberater*in|/de/job/sap-ariba-modulberater/7388953/|Zollikofen|Die Schweizerische Post
Sachbearbeiter:in Administration HR|/de/job/sachbearbeiter-administration/7388882/|Zollikofen|SBB CFF FFS
Dipl. Pflegefachfrau/-mann als Nachtwache im Stundenlohn|/de/job/dipl-pflegefachfrau-mann-als-nachtwache-stundenlohn/7389247/|Belp|Domicil Bern AG
Sachbearbeiter/-in Lernendenbetreuung 50%|/de/job/sachbearbeiter-lernendenbetreuung/7388981/|Jegenstorf|Interdiscount
Junior Manager Service Excellence|/de/job/junior-manager-service-excellence/7388980/|Jegenstorf|Interdiscount
Chauffeuse / Chauffeur, Kat. C, 100%|/de/job/chauffeuse-chauffeur-kat/7388978/|Jegenstorf|Interdiscount
Alliance &amp; Partner Manager|/de/job/alliance-partner-manager/7389068/|Burgdorf|Ypsomed AG
Praktikant/in 80-100% fuer 12 Monate|/de/job/praktikant-f%C3%BCr-monate/6802427/|Urtenen-Schoenbuehl|EKB GmbH
Projektleitung (m/w) 80 - 100%|/de/job/projektleitung/7389271/|Bern|NZZ
Product Manager Digital Solutions|/de/job/product-manager-digital-solutions/7389048/|Burgdorf|Ypsomed AG
Medizinische Sekretaerin (a)|/de/job/medizinische-sekret%C3%A4rin/7389282/|Burgdorf|Universitaere Psychatrische Dienste Bern (UPD)
Manager Industrialisation&amp;Optimisation|/de/job/manager-industrialisation-optimisation/7389047/|Burgdorf|Ypsomed AG
Software Entwickler:in - Android 70-100%|/de/job/software-entwickler-android/113470998/|Bern|medienjobs
Medientechnolog*in im Digidruck (100 %)|/de/job/medientechnolog-digidruck/113470990/|Belp|medienjobs
Kommunikationsleiter/in &amp; Mitglied der GL 80%-100%|/de/job/kommunikationsleiter-mitglied-der/113470974/|Bern|medienjobs
FULL STACK WEB DEVELOPER 100%|/de/job/full-stack-web-developer/113470960/|Bern|medienjobs
FULL STACK WEB DEVELOPER 100%|/de/job/full-stack-web-developer/113470917/|Bern|medienjobs
Technischer Produzent 80-100% (a)|/de/job/technischer-produzent/113470829/|Bern|medienjobs
Leiter*in Finanzdirektion (100%)|/de/job/leiter-finanzdirektion/113470809/|Burgdorf|Stadt Burgdorf
Heizungsinstallateur EFZ (m/w)|/de/job/heizungsinstallateur-efz/113470750/|Bern|Tempro Personal
Fachangestellte Gesundheit EFZ (m/w)|/de/job/fachangestellte-gesundheit-efz/113470748/|Bern|Tempro Personal
Baumaschinenfuehrer (m/w)|/de/job/baumaschinenf%C3%BChrer/113470746/|Bern|Tempro Personal
Automobil-Mechatroniker / Automobil-Fachmann (m/w)|/de/job/automobil-mechatroniker-automobil-fachmann/113470743/|Bern|Tempro Personal
Kranfuehrer (m/w)|/de/job/kranf%C3%BChrer/113470736/|Bern|Tempro Personal
Logistiker EFZ / Logistikerin EFZ|/de/job/logistiker-efz-logistikerin-efz/113470730/|Konolfingen|Tempro Personal
Logistiker EFZ / Logistikerin EFZ|/de/job/logistiker-efz-logistikerin-efz/113470729/|Bern|Tempro Personal
Landschaftsgaertner / Landschaftsgaertnerin|/de/job/landschaftsg%C3%A4rtner-landschaftsg%C3%A4rtnerin/113470724/|Bern|Tempro Personal
Metallbauer EFZ (m/w)|/de/job/metallbauer-efz/113470721/|Muensingen|Tempro Personal
Maler EFZ / Malerin EFZ|/de/job/maler-efz-malerin-efz/113470718/|Bern|Tempro Personal
HTML/CSS Spezialist:in (60-100%)|/de/job/html-css-spezialist/7389213/|Bern|ictjobs (Stellenmarkt)
Alliance &amp; Partner Manager|/de/job/alliance-partner-manager/7389068/|Burgdorf|Ypsomed AG
Praktikant/in 80-100% fuer 12 Monate|/de/job/praktikant-f%C3%BCr-monate/6802427/|Urtenen-Schoenbuehl|EKB GmbH
Sachbearbeiter Datenmanagement (m/w/d)|/de/job/sachbearbeiter-datenmanagement/7389273/|Bern|Eidgenoessische Finanzmarktaufsicht FINMA
Jobs fuer motivierte Studenten|/de/job/jobs-f%C3%BCr-motivierte-studenten/113470714/|Bern|Tempro Personal
Plattenleger EFZ (m/w)|/de/job/plattenleger-efz/113470702/|Bern|Tempro Personal
Jobs fuer motivierte Studenten|/de/job/jobs-f%C3%BCr-motivierte-studenten/113470700/|Bern|Tempro Personal
Pharma-Mitarbeiter Packaging 100%|/de/job/pharma-mitarbeiter-packaging/113470668/|Bern|CSL Behring AG
Pharma-Fachmitarbeiter/in Protinus|/de/job/pharma-fachmitarbeiter-protinus/113470667/|Bern|CSL Behring AG
Lehrperson Dolmetscher Deutsch - Franzoesisch|/de/job/lehrperson-dolmetscher-deutsch-franz%C3%B6sisch/113470658/|Bern|Flying Teachers GmbH
Sachbearbeiter/in Verkauf 100% (m/w/d)|/de/job/sachbearbeiter-verkauf/113470612/|Muenchenbuchsee|Kiener + Wittlin AG
Scrum Master, Team Coach for smART Automation|/de/job/scrum-master-team-coach-for-smart-automation/113470611/|Bern, Zuerich|Swisscom AG
Senior Project Leader Networks|/de/job/senior-project-leader-networks/113470609/|Bern, Olten, Zuerich|Swisscom AG
ICT System Engineer Workplace|/de/job/ict-system-engineer-workplace/113470608/|Bern, Zuerich|Swisscom AG
Mitarbeitende Reiniugung / Ferienabloesungen / 10-60% / Aargau|/de/job/mitarbeitende-reiniugung-ferienabl%C3%B6sungen-aargau/113470553/|Koeniz|Honegger AG
Aussendienstmitarbeiter-in fuer Milchprodukte|/de/job/aussendienstmitarbeiter-f%C3%BCr-milchprodukte/113470542/|Bern , Steffisburg|Cremo S.A.
Fachfrau/-mann Gesundheit mit Tagesverantwortung 50-80%, befristet|/de/job/fachfrau-mann-gesundheit-mit-tagesverantwortung-befristet/113470455/|Bern|Domicil Bern AG
Dipl. Pflegefachfrau/-mann 20-40%|/de/job/dipl-pflegefachfrau-mann/113470454/|Bern|Domicil Bern AG
Mitarbeiter/-in Betreuung und Pflege AGS oder Pflegehelfer/-in SRK 60-80%|/de/job/mitarbeiter-betreuung-und-pflege-ags-oder-pflegehelfer-srk/113470453/|Bern|Domicil Bern AG
Stelleninserat Sachbearbeiter/in Eignungsabklaerung 80 %|/de/job/stelleninserat-sachbearbeiter-eignungsabkl%C3%A4rung/113470425/|Bern|Berner Bildungszentrum Pflege AG
Videojournalist/Redaktor TeleBaern 90% (a)|/de/job/videojournalist-redaktor-teleb%C3%A4rn/113470409/|Bern|CH Media Holding AG
Praktikum Redaktion TeleBaern 100% (a)|/de/job/praktikum-redaktion-teleb%C3%A4rn/113470407/|Bern|CH Media Holding AG
Sachbearbeiter Verkauf 100% (a)|/de/job/sachbearbeiter-verkauf/113470406/|Bern|CH Media Holding AG
Stv. Leiter*in Finanzen &amp; Personal 80-100 %|/de/job/stv-leiter-finanzen-personal-100/113470343/|Bern|Stiftung ElfenauPark
HTML/CSS Spezialist:in (60-100%)|/de/job/html-css-spezialist/7389213/|Bern|ictjobs (Stellenmarkt)
ICT Solution Engineer*in|/de/job/ict-solution-engineer/7389215/|Bern|ictjobs (Stellenmarkt)
Praktikant/in 80-100% fuer 12 Monate|/de/job/praktikant-f%C3%BCr-monate/6802427/|Urtenen-Schoenbuehl|EKB GmbH
Pharmazeut oder Chemiker (w/m/d)|/de/job/pharmazeut-oder-chemiker/7389270/|Bern|Eidgenoessisches Institut fuer Geistiges Eigentum
Oberarzt Gynaekologie und Geburtshilfe (w/m)|/de/job/oberarzt-gyn%C3%A4kologie-und-geburtshilfe/113470332/|Region Bern|SwissPromed AG
Oberarzt fuer Psychiatrie und Psychotherapie (w/m) Leitung der Tagesklinik|/de/job/oberarzt-f%C3%BCr-psychiatrie-und-psychotherapie-leitung-der-tagesklinik/113470331/|Region Bern|SwissPromed AG
Leitender Arzt Radiologie (w/m)|/de/job/leitender-arzt-radiologie/113470330/|Region Bern|SwissPromed AG
Facharzt fuer Kinder- und Jugendpsychiatrie und -psychotherapie - moderne Gruppenpraxis (w/m)|/de/job/facharzt-f%C3%BCr-kinder-und-jugendpsychiatrie-und-psychotherapie-moderne-gruppenpraxis/113470327/|Region Bern|SwissPromed AG
Dipl. Physiotherapeut (w/m) Psychiatrie|/de/job/dipl-physiotherapeut-psychiatrie/113470322/|Region Bern|SwissPromed AG
Senior Security Consultant (m/w, 80-100%)|/de/job/senior-security-consultant/113470312/|Bern|myitjob GmbH
Leiter IT Services (m/w)|/de/job/leiter-services/113470301/|Bern|myitjob GmbH
IT Project Manager (m/w) 80%-100%|/de/job/project-manager/113470299/|Bern|myitjob GmbH
Projektleiter (m/w)|/de/job/projektleiter/113470298/|Bern|myitjob GmbH
Koechin/Koch 100%|/de/job/k%C3%B6chin-koch/113470234/|Muri b. Bern|Stiftung Alters- und Pflegeheim Buchegg
Senior Projektleiter:in (m/w/d) 80-100%|/de/job/senior-projektleiter/113470213/|Bern|Identitas AG
Key Account Manager (Central Switzerland)|/de/job/key-account-manager/113470163/|Bern|Swisslinx AG
Product Manager|/de/job/product-manager/113470161/|Bern|Swisslinx AG
Key Account Manager (Swiss Romandie)|/de/job/key-account-manager/113470160/|Bern|Swisslinx AG
Logistik Mitarbeiter 100%|/de/job/logistik-mitarbeiter/113470055/|Bern|SEELAND JOB AG
Logistik Lager-/+Buero-Mitarbeiter (100%)|/de/job/logistik-lager-b%C3%BCro-mitarbeiter/113470054/|Bern|SEELAND JOB AG
Servicetechniker CNC|/de/job/servicetechniker-cnc/113470052/|Raum Bern|SEELAND JOB AG
Softwareberater/in und Supporter/in innosolv 80 - 100 %|/de/job/softwareberater-und-supporter-innosolv-100/113470051/|Wiler b. Seedorf|Talus Informatik AG
Softwareberater/in und Supporter/in CMI 80 - 100 %|/de/job/softwareberater-und-supporter-cmi-100/113470050/|Wiler b. Seedorf|Talus Informatik AG
Senior Consultant (m/w)|/de/job/senior-consultant/113470039/|Zollikofen|MAK Consulting AG
HTML/CSS Spezialist:in (60-100%)|/de/job/html-css-spezialist/7389213/|Bern|ictjobs (Stellenmarkt)
Alliance &amp; Partner Manager|/de/job/alliance-partner-manager/7389068/|Burgdorf|Ypsomed AG
Praktikant/in 80-100% fuer 12 Monate|/de/job/praktikant-f%C3%BCr-monate/6802427/|Urtenen-Schoenbuehl|EKB GmbH
Projektleitung (m/w) 80 - 100%|/de/job/projektleitung/7389271/|Bern|NZZ
Praktikant:in Kampagnenmanagement (60 %)|/de/job/praktikant-kampagnenmanagement/113470021/|Bern|Blaues Kreuz Schweiz
Verkaufsmitarbeiter/in / Detailhandel|/de/job/verkaufsmitarbeiter-detailhandel/113469929/|3321 Urtenen-Schoenbuehl|Coople (Schweiz) AG
Logistiker/in|/de/job/logistiker/113469923/|Bern|Coople (Schweiz) AG
Logistiker/in|/de/job/logistiker/113469921/|Bern|Coople (Schweiz) AG
Montagemitarbeiter|/de/job/montagemitarbeiter/113469844/|Region Bern|ASOAG Personal AG
Pharma-Assistent (w/m) 60%-100%|/de/job/pharma-assistent/113469829/|Ittigen|Sun Store SA
Apotheker (w/m) 80%-100%|/de/job/apotheker/113469827/|Ittigen|Sun Store SA
Apotheker als Stellvertretung (w/m) 80%-100%|/de/job/apotheker-als-stellvertretung/113469826/|Bern|Sun Store SA
Pharma-Assistent (w/m) 60%-100%|/de/job/pharma-assistent/113469820/|Ittigen|Sun Store SA
Pharma-Assistent (w/m) 100%|/de/job/pharma-assistent/113469818/|Ostermundigen|Sun Store SA
Apotheker (w/m) 100%|/de/job/apotheker/113469816/|Bern|Sun Store SA
Apotheker als Geschaeftsfuehrer (w/m) 80%-100%|/de/job/apotheker-als-gesch%C3%A4ftsf%C3%BChrer/113469810/|Bern|Sun Store SA
Pharma-Assistent (w/m) 100%|/de/job/pharma-assistent/113469803/|Bern|Sun Store SA
Apotheker als Stellvertretung (w/m) 100%|/de/job/apotheker-als-stellvertretung/113469783/|Ostermundigen|Sun Store SA
Apotheker (w/m) 80%-100%|/de/job/apotheker/113469779/|Ostermundigen|Sun Store SA
Apotheker als Stellvertretung (w/m) 80%-100%|/de/job/apotheker-als-stellvertretung/113469776/|Ittigen|Sun Store SA
Pharma-Assistent (w/m) 100%|/de/job/pharma-assistent/113469772/|Bern|Sun Store SA
Geschaeftsfuehrer (m/w/d) individuelle Software-Loesungen|/de/job/gesch%C3%A4ftsf%C3%BChrer-individuelle-software-l%C3%B6sungen/113469685/|Bern|swisselect ag
Verkaufsberater/in 40-60%|/de/job/verkaufsberater/113469616/|Bern|Schuhhaus Walder AG
Zimmermann 100% temporary|/de/job/zimmermann-temporary/113469599/|Bern|G&amp;L Partner AG
HTML/CSS Spezialist:in (60-100%)|/de/job/html-css-spezialist/7389213/|Bern|ictjobs (Stellenmarkt)
ICT Solution Engineer*in|/de/job/ict-solution-engineer/7389215/|Bern|ictjobs (Stellenmarkt)
Praktikant/in 80-100% fuer 12 Monate|/de/job/praktikant-f%C3%BCr-monate/6802427/|Urtenen-Schoenbuehl|EKB GmbH
Sachbearbeiter Datenmanagement (m/w/d)|/de/job/sachbearbeiter-datenmanagement/7389273/|Bern|Eidgenoessische Finanzmarktaufsicht FINMA
Mitarbeiter / Mitarbeiterin Reinigung 40%|/de/job/mitarbeiter-mitarbeiterin-reinigung/113469581/|Guemligen|Stiftung Aarhus
Springerin / Springer Reinigung|/de/job/springerin-springer-reinigung/113469580/|Guemligen|Stiftung Aarhus
Empfangsmitarbeiter/in Site Security 100%|/de/job/empfangsmitarbeiter-site-security/113469536/|Bern|EXPRESS PERSONAL AG
Sachbearbeiter*in Abrechnung und Rueckerstattung 80% - 100%|/de/job/sachbearbeiter-abrechnung-und-r%C3%BCckerstattung/113469534/|Bern|Stadt Bern
Servicefachfrau Brasserie Josephine - Hotel Innere Enge|/de/job/servicefachfrau-brasserie-josephine-hotel-innere-enge/113469526/|Bern|Gastro A. Walser GmbH
Verkaufsmitarbeiter (m/w) 40-80% SOCAR Zollikofen|/de/job/verkaufsmitarbeiter-socar-zollikofen/113469472/|Zollikofen|SOCAR Energy Switzerland GmbH
Personalassistent 80 - 100% (m/w/d)|/de/job/personalassistent/113469471/|Zollikofen|Securitas AG Schweizerische Bewachungsgesellschaft
Assistant RH 80 - 100% (m/w/d)|/de/job/assistant/113469470/|Zollikofen|Securitas AG Schweizerische Bewachungsgesellschaft
Koch / Koechin 100%|/de/job/koch-k%C3%B6chin/113469463/|Wabern bei Bern|Diakonie Bethanien
Mitarbeiter Kundendienst (m/w/d)|/de/job/mitarbeiter-kundendienst/113469456/|Bern|Generali Personenversicherungen AG
Betriebsmitarbeiter|/de/job/betriebsmitarbeiter/113469385/|Burgdorf|Bimo Personal AG
Stv. Standortleiterin / Stv. Standortleiter 80-100%|/de/job/stv-standortleiterin-stv-standortleiter/113469373/|Koeniz|jojo Kindertagesstaetten GmbH
Ferienaushilfen Juli/August 2022|/de/job/ferienaushilfen-juli-august-2022/113469322/|Zuerich, Winterthur, Wetzikon, Rapperswil|Splendida Services AG
Sachbearbeiter/in Servicecenter Vermittler (100%) in Bern, WankdorfCity|/de/job/sachbearbeiter-servicecenter-vermittler-bern-wankdorfcity/113469320/|Bern|KPT Krankenkasse AG
Personalberater fuer kaufmaennische Berufe 100%|/de/job/personalberater-f%C3%BCr-kaufm%C3%A4nnische-berufe/113469291/|Bern|Kelly Services (Suisse) SA
Diagnostiker/in - Teamleiter/in 100% (m/w/d) 100%|/de/job/diagnostiker-teamleiter/113469220/|Kirchberg BE|KMU Jobs AG
Dipl. Pflegefachmann / Dipl. Pflegefachfrau HF/FH|/de/job/dipl-pflegefachmann-dipl-pflegefachfrau/113469216/|Bern|Qualis Vita AG
Fachfrau Gesundheit / Fachmann Gesundheit (FaGe) 60-80%|/de/job/fachfrau-gesundheit-fachmann-gesundheit/113469215/|Bern|Qualis Vita AG
Senior Supporter inkl. Stv. Teamlead (100%)|/de/job/senior-supporter-inkl-stv-teamlead/113469199/|Rapperswil|bexio AG
Middleware consultant - Berne 80-100%|/de/job/middleware-consultant-berne/113469181/|Bern|dbi services sa
HTML/CSS Spezialist:in (60-100%)|/de/job/html-css-spezialist/7389213/|Bern|ictjobs (Stellenmarkt)
Alliance &amp; Partner Manager|/de/job/alliance-partner-manager/7389068/|Burgdorf|Ypsomed AG
Praktikant/in 80-100% fuer 12 Monate|/de/job/praktikant-f%C3%BCr-monate/6802427/|Urtenen-Schoenbuehl|EKB GmbH
Pharmazeut oder Chemiker (w/m/d)|/de/job/pharmazeut-oder-chemiker/7389270/|Bern|Eidgenoessisches Institut fuer Geistiges Eigentum
Open Infrastructure Consultant - Berne 80-100%|/de/job/open-infrastructure-consultant-berne/113469178/|Bern|dbi services sa
Fullstack Entwickler .NET / us-096|/de/job/fullstack-entwickler-net-096/113469172/|Bern|SimplyVision GmbH
1 Lehrstellen als Fachfrau-/mann Gesundheit EFZ oder 1 Lehrstelle als Fachfrau-/mann Gesundheit fuer Erwachsene|/de/job/lehrstellen-als-fachfrau-mann-gesundheit-efz-oder-lehrstelle-als-fachfrau-mann-gesundheit-f%C3%BCr-erwachsene/113469168/|Kanton Bern|Spitex Verband Kanton Bern
1 Lehrstelle als Fachfrau-/mann Gesundheit EFZ oder 1 Lehrstelle als Fachfrau-/mann Gesundheit fuer Erwachsene EFZ|/de/job/lehrstelle-als-fachfrau-mann-gesundheit-efz-oder-lehrstelle-als-fachfrau-mann-gesundheit-f%C3%BCr-erwachsene-efz/113469167/|Kanton Bern|Spitex Verband Kanton Bern
paedagogische/n Mitarbeiter/in Tagesschule Sternenberg (27 %)|/de/job/p%C3%A4dagogische-mitarbeiter-tagesschule-sternenberg/113469162/|Koeniz|Gemeinde Koeniz
Teamleiter/in Rekrutierung &amp; Beratung (80%)|/de/job/teamleiter-rekrutierung-beratung/113469158/|Bern|BERNMOBIL AG
Servicetechniker (a) 100%|/de/job/servicetechniker/113469089/|Bern|Onyx Circle AG
1 Lehrstellen als Fachfrau-/mann Gesundheit EFZ oder 1 Lehrstelle als Fachfrau-/mann Gesundheit fuer Erwachsene|/de/job/lehrstellen-als-fachfrau-mann-gesundheit-efz-oder-lehrstelle-als-fachfrau-mann-gesundheit-f%C3%BCr-erwachsene/113469079/|Grosshoechstetten|Spitex Region Konolfingen
1 Lehrstelle als Fachfrau-/mann Gesundheit EFZ oder 1 Lehrstelle als Fachfrau-/mann Gesundheit fuer Erwachsene EFZ|/de/job/lehrstelle-als-fachfrau-mann-gesundheit-efz-oder-lehrstelle-als-fachfrau-mann-gesundheit-f%C3%BCr-erwachsene-efz/113469078/|Grosshoechstetten|Spitex Region Konolfingen
Versicherungsberater (all genders) fuer die Hauptagentur Schwarzenburg 100 %|/de/job/versicherungsberater-f%C3%BCr-die-hauptagentur-schwarzenburg-100/113469029/|Schwarzenburg|AXA Versicherungen AG
Strategischer Einkaeufer (m/w) 80-100%|/de/job/strategischer-eink%C3%A4ufer/113469017/|Bern|Procurement Partner AG
Pastor 35%|/de/job/pastor/113468993/|Rubigen|Vereinigung Freier Missionsgemeinden (VFMG)
Goldschmied/Goldschmiedin 80-100%|/de/job/goldschmied-goldschmiedin/113468992/|Bern|Atelier Staehli AG
Aushilfsverkaeufer*in befristet bis 31.12.2022 20 - 40%|/de/job/aushilfsverk%C3%A4ufer-befristet-bis-2022/113468943/|BE Allmendingen|Qualipet AG
Personalassistent*in 40% - 50%|/de/job/personalassistent/113468930/|Bern|Universitaet Bern
"PhD student position in Space Research/Mass Spectrometry 100% - 10% | befristet"|/de/job/phd-student-position-space-research-mass-spectrometry-befristet/113468929/|Bern|Universitaet Bern
Sekretariat DBMR Administration 80-100% 80% - 100%|/de/job/sekretariat-dbmr-administration/113468928/|Bern|Universitaet Bern
"Doktoranden-Stelle 100% - 100% | befristet"|/de/job/doktoranden-stelle-befristet/113468927/|Bern|Universitaet Bern
"Kampagnen-Manager/in 80% - 80% | befristet"|/de/job/kampagnen-manager-befristet/113468926/|Bern|Universitaet Bern
"Versuchstierpfleger*in EFZ / Koordinator*in / Leiter*in der Lernendenausbildung 100% - 100% | befristet"|/de/job/versuchstierpfleger-efz-koordinator-leiter-der-lernendenausbildung-befristet/113468925/|Bern|Universitaet Bern
HTML/CSS Spezialist:in (60-100%)|/de/job/html-css-spezialist/7389213/|Bern|ictjobs (Stellenmarkt)
ICT Solution Engineer*in|/de/job/ict-solution-engineer/7389215/|Bern|ictjobs (Stellenmarkt)
Praktikant/in 80-100% fuer 12 Monate|/de/job/praktikant-f%C3%BCr-monate/6802427/|Urtenen-Schoenbuehl|EKB GmbH
Projektleitung (m/w) 80 - 100%|/de/job/projektleitung/7389271/|Bern|NZZ
Admin. Sachbearbeiter/in Direktion Pflege 90 - 100%|/de/job/admin-sachbearbeiter-direktion-pflege/113468883/|Region Bern|Lindenhofgruppe AG
Dipl. Pflegefachfrau/-mann 20 - 80%|/de/job/dipl-pflegefachfrau-mann/113468882/|Region Bern|Lindenhofgruppe AG
Pflegehilfe - 80%|/de/job/pflegehilfe/113468881/|Region Bern|Lindenhofgruppe AG
Frontend-EntwicklerIn|/de/job/frontend-entwickler/113468865/|Region Bern (3000)|IT Recruitment GmbH
Senior Compliance Manager Trading|/de/job/senior-compliance-manager-trading/113468827/|Bern|Robert Walters Switzerland AG
Team Leader Shared Services Center (80-100%)|/de/job/team-leader-shared-services-center/113468819/|Bern|Redguard AG
Verkaeufer/in - 40% - 60% Region Bern und Umgebung|/de/job/verk%C3%A4ufer-region-bern-und-umgebung/113468789/|Bern|JYSK GmbH
Spezialist/in Kommunikationspsychologie, 60-80 %|/de/job/spezialist-kommunikationspsychologie/113468763/|Bern|Swisstransplant
Mitarbeiter/in Weiterverarbeitung (80-100%), Erlenbach|/de/job/mitarbeiter-weiterverarbeitung-erlenbach/113468751/|Worb|OLWO AG
Einstieg ins HR|/de/job/einstieg-ins/113468717/|Basel, Bern, Zuerich|isolutions AG
Nachwuchs-Botaniker/in am Herbarium des BOGA, 22 Monate (80%), Beginn im September 2022|/de/job/nachwuchs-botaniker-herbarium-des-boga-monate-beginn-september-2022/113468714/|Bern|Stiftung Botanischer Garten Bern
Mitarbeiter/in fuer die historische Alkoholsammlung des Herbarium des BOGA, 18 Monate (50%), Beginn im September 2022|/de/job/mitarbeiter-f%C3%BCr-die-historische-alkoholsammlung-des-herbarium-des-boga-monate-beginn-september-2022/113468713/|Bern|Stiftung Botanischer Garten Bern
Mitarbeiter/in am Herbarium des BOGA, 11 Monate (50%), Beginn im September 2022|/de/job/mitarbeiter-herbarium-des-boga-monate-beginn-september-2022/113468712/|Bern|Stiftung Botanischer Garten Bern
Lehrstellen Fachfrau / Fachmann Gesundheit EFZ (Sommer 2023)|/de/job/lehrstellen-fachfrau-fachmann-gesundheit-efz/113468702/|Burgdorf|Spitex-Verein Burgdorf-Oberburg
Fachperson Gesundheit EFZ - Langzeitpflege (60-100%)|/de/job/fachperson-gesundheit-efz-langzeitpflege/113468655/|Bern|Manpower
Fachperson Gesundheit EFZ - Spitex (60-100%)|/de/job/fachperson-gesundheit-efz-spitex/113468629/|Bern|Manpower
Verkaufstelefonist*in &amp; Mitarbeiter*in Outlet Shop 80%|/de/job/verkaufstelefonist-mitarbeiter-outlet-shop/113468608/|Raum Bern|Manpower
Stellvertretender Filialleiter (m/w/d) 50 - 80%|/de/job/stellvertretender-filialleiter/113468599/|Oberburg|ALDI SUISSE AG
Sachbearbeiter:in Leistungen ambulant 100%|/de/job/sachbearbeiter-leistungen-ambulant/113468565/|Bern|Visana Services AG
TC SUSE CaaSP und CAP Support 100%|/de/job/suse-caasp-und-cap-support/113468546/|Bern / Remote|PROSTAFF Schweiz GmbH
HTML/CSS Spezialist:in (60-100%)|/de/job/html-css-spezialist/7389213/|Bern|ictjobs (Stellenmarkt)
Alliance &amp; Partner Manager|/de/job/alliance-partner-manager/7389068/|Burgdorf|Ypsomed AG
Praktikant/in 80-100% fuer 12 Monate|/de/job/praktikant-f%C3%BCr-monate/6802427/|Urtenen-Schoenbuehl|EKB GmbH
Sachbearbeiter Datenmanagement (m/w/d)|/de/job/sachbearbeiter-datenmanagement/7389273/|Bern|Eidgenoessische Finanzmarktaufsicht FINMA
Verkaeufer*in TopShop (60 - 80 %)|/de/job/verk%C3%A4ufer-topshop/113468540/|Schuepfen|LANDI Moossee, Genossenschaft
Sport Leader Ferienjob Stand Up Paddle 40% - 60%|/de/job/sport-leader-ferienjob-stand-paddle/113468522/|Bern|Decathlon Sports Switzerland SA
Mitarbeiter*in Logistik|/de/job/mitarbeiter-logistik/113468515/|Lyssach, Kanton Bern|IKEA AG
Leitender Arzt Dermatologie|/de/job/leitender-arzt-dermatologie/113468506/|Raum Bern|Match Work AG
"Software Engineer (w/m/d) 80% - 100% | befristet"|/de/job/software-engineer-befristet/113468483/|Bern|Insel Gruppe
Sachbearbeiter/in Busseninkasso 80 - 100%|/de/job/sachbearbeiter-busseninkasso/113468458/|Bern|Kanton Bern
Leiter/-in Verkehrsmanagement 80-100%|/de/job/leiter-verkehrsmanagement/113468457/|Bern|Kanton Bern
Sachbearbeiter/in Pfaendungen &amp; Verwertungen mit Aussendiensttaetigkeit 100%|/de/job/sachbearbeiter-pf%C3%A4ndungen-verwertungen-mit-aussendienstt%C3%A4tigkeit/113468456/|Ostermundigen|Kanton Bern
Mitarbeiter/in und stv. Leiter/in staendiges Sekretariat der Geschaeftsleitung (GL) KESB (Schwerpunkt Finanzen und Controlling) 60 - 80%|/de/job/mitarbeiter-und-stv-leiter-st%C3%A4ndiges-sekretariat-der-gesch%C3%A4ftsleitung-kesb/113468455/|Bern|Kanton Bern
Fachspezialist/-in Materialentnahmen und baulicher Grundwasserschutz 90-100%|/de/job/fachspezialist-materialentnahmen-und-baulicher-grundwasserschutz/113468454/|Bern|Kanton Bern
Collaborateur/trice sp-cialis-/e bureau d'encaissement des amendes 80 - 100%|/de/job/collaborateur-trice-sp%C3%A9cialis%C3%A9-bureau-encaissement-des-amendes/113468453/|Bern|Kanton Bern
ICT-Produktionsplaner/in 80-100 %|/de/job/ict-produktionsplaner-100/113468452/|Bern-Buempliz|Kanton Bern
Projektleiter/in Support 80 - 100 %|/de/job/projektleiter-support-100/113468451/|Bern|Kanton Bern
Projektleiter/-in Wasserkraft 80 - 100%|/de/job/projektleiter-wasserkraft/113468450/|Bern|Kanton Bern
Mitarbeiterin Hotellerie 50%|/de/job/mitarbeiterin-hotellerie/113468414/|Laupen BE|Betagtenzentrum Laupen Alters- und Krankenheim
Leiter*in Finanzdirektion (100%)|/de/job/leiter-finanzdirektion/113468391/|Burgdorf|Steinmann &amp; Partner GmbH
Sachbearbeiter Fachstelle Unternehmensgeschaeft m/w (80-100%)|/de/job/sachbearbeiter-fachstelle-unternehmensgesch%C3%A4ft/113468379/|Worblaufen|Helsana Versicherungen AG
Fachspezialistin Fachstelle Unternehmensgeschaeft m/w (80-100%)|/de/job/fachspezialistin-fachstelle-unternehmensgesch%C3%A4ft/113468378/|Worblaufen|Helsana Versicherungen AG
Koch / Koechin EFZ oder Diaetkoch / Diaetkoechin EFZ 100 %|/de/job/koch-k%C3%B6chin-efz-oder-di%C3%A4tkoch-di%C3%A4tk%C3%B6chin-efz-100/113468349/|Burgdorf|Zentrum Schlossmatt Region Burgdorf
Einstieg als Immobilienberater Zollikofen (w/m/d) Permanent - 20-100%|/de/job/einstieg-als-immobilienberater-zollikofen-permanent/113468340/|Zollikofen|Properti AG
HTML/CSS Spezialist:in (60-100%)|/de/job/html-css-spezialist/7389213/|Bern|ictjobs (Stellenmarkt)
ICT Solution Engineer*in|/de/job/ict-solution-engineer/7389215/|Bern|ictjobs (Stellenmarkt)
Praktikant/in 80-100% fuer 12 Monate|/de/job/praktikant-f%C3%BCr-monate/6802427/|Urtenen-Schoenbuehl|EKB GmbH
Pharmazeut oder Chemiker (w/m/d)|/de/job/pharmazeut-oder-chemiker/7389270/|Bern|Eidgenoessisches Institut fuer Geistiges Eigentum
Einstieg als Immobilienberater Schwarzenburg (w/m/d) Permanent - 20-100%|/de/job/einstieg-als-immobilienberater-schwarzenburg-permanent/113468322/|Schwarzenburg|Properti AG
Leiterin / Leiter SAP 80 - 100%|/de/job/leiterin-leiter-sap/113468308/|Bern|Energie Wasser Bern
Risk Management Medizintechnik Geraete Entwicklung|/de/job/risk-management-medizintechnik-ger%C3%A4te-entwicklung/113468307/|Regio Luzern - Olten - Bern|gloor &amp; lang ag
Mitarbeiterin Empfang/Sekretariat/Administration 100 % (w/m/d) 100 %|/de/job/mitarbeiterin-empfang-sekretariat-administration-100-100/113468300/|Ostermundigen|BKW Building Solutions AG
Projektleiter:in HLK fuer Reinraum- und Laborplanung|/de/job/projektleiter-hlk-f%C3%BCr-reinraum-und-laborplanung/113468238/|Bern, BE|intermediare gmbh
Schreiner|/de/job/schreiner/113468230/|Burgdorf|Stellentreff AG
Innendienst-Mitarbeiter/-in (100%) Standort Zuerich|/de/job/innendienst-mitarbeiter-standort-z%C3%BCrich/113468186/|Bern|Carlo Bernasconi AG
Dipl. Pflegefachfrau/-mann 50-90% mit Fallfuehrung|/de/job/dipl-pflegefachfrau-mann-mit-fallf%C3%BChrung/113468046/|Region Bern|CarePeople AG
Pharma-Assistent (w/m) 50%-100%|/de/job/pharma-assistent/113467960/|Bern|Coop Vitality AG
Pharma-Assistent (w/m) 50%-100%|/de/job/pharma-assistent/113467955/|Lyss|Coop Vitality AG
Pharma-Assistent/Drogist (w/m) 80%-100%|/de/job/pharma-assistent-drogist/113467922/|Bern|Coop Vitality AG
Apotheker (w/m) 100%|/de/job/apotheker/113467919/|Bern|Coop Vitality AG
Apotheker als Stellvertretung (w/m) 40%-100%|/de/job/apotheker-als-stellvertretung/113467896/|Bern|Coop Vitality AG
Dipl. Ergotherapeut/-in 80-100%|/de/job/dipl-ergotherapeut/113467889/|Bern|smartstaff ag
Maurer/in Hochbau|/de/job/maurer-hochbau/113467886/|Bern|smartstaff ag
Heizungsinstallateur/in EFZ|/de/job/heizungsinstallateur-efz/113467885/|Bern|smartstaff ag
Projekt Manager (m/w) fuer CAPEX-Projekte 100%|/de/job/projekt-manager-f%C3%BCr-capex-projekte/113467814/|Standort Bern|Sodexo (Suisse) SA
Data Analyst mit Fokus Datenengineering (m/w/d)|/de/job/data-analyst-mit-fokus-datenengineering/113467807/|Bern|Aequor Consulting GmbH
Verkaeuferinnen Mode/Textil 80-100%|/de/job/verk%C3%A4uferinnen-mode-textil/113467790/|Region Bern|job impuls ag
Verkaeuferinnen Mode/Textil 80-100%|/de/job/verk%C3%A4uferinnen-mode-textil/113467789/|Region Bern|job impuls ag
HTML/CSS Spezialist:in (60-100%)|/de/job/html-css-spezialist/7389213/|Bern|ictjobs (Stellenmarkt)
Alliance &amp; Partner Manager|/de/job/alliance-partner-manager/7389068/|Burgdorf|Ypsomed AG
Praktikant/in 80-100% fuer 12 Monate|/de/job/praktikant-f%C3%BCr-monate/6802427/|Urtenen-Schoenbuehl|EKB GmbH
Projektleitung (m/w) 80 - 100%|/de/job/projektleitung/7389271/|Bern|NZZ
Praktikum Redaktion TeleBaern 100% (a)|/de/job/praktikum-redaktion-teleb%C3%A4rn/113467782/|Bern|CH Media
Hochschulpraktikantin / Hochschulpraktikant Kommunikation IT der Armee|/de/job/hochschulpraktikantin-hochschulpraktikant-kommunikation-der-armee/113467775/|Bern|medienjobs
automatiker / elektromechaniker efz (m/w)|/de/job/automatiker-elektromechaniker-efz/113467716/|Bern|Randstad (Switzerland) Ltd.
Texter:in/Contentspezialist:in (80-100%)|/de/job/texter-contentspezialist/113467707/|Bern|medienjobs
Koechin / Koch (80 - 100%)|/de/job/k%C3%B6chin-koch/113467702/|Laupen BE|Gasthof
mitarbeiter/in contact center 50-100%|/de/job/mitarbeiter-contact-center/113467698/|Bern|Randstad (Switzerland) Ltd.
Redaktor Sport (m/w/d)|/de/job/redaktor-sport/113467692/|Bern|medienjobs
eine:n Polygraf:in oder Typograf:in mit Projektleitungserfahrung 80-100 %|/de/job/eine-polygraf-oder-typograf-mit-projektleitungserfahrung-100/113467670/|Bern|medienjobs
Wok-Koch (m/w) 80-100%|/de/job/wok-koch/113467664/|Bern|Nooch
quality system specialist|/de/job/quality-system-specialist/113467660/|Bern|Randstad (Switzerland) Ltd.
Produzent/Videojournalist TeleBaern 80-100% (a)|/de/job/produzent-videojournalist-teleb%C3%A4rn/113467624/|Bern|medienjobs
hilfsmitarbeiter|/de/job/hilfsmitarbeiter/113467618/|Bern|Randstad (Switzerland) Ltd.
Grafiker:in 80-100%|/de/job/grafiker/113467598/|Bern|medienjobs
Content &amp; Communications Manager 100% (w/m/d)|/de/job/content-communications-manager/113467592/|Bern|medienjobs
Praktikum Redaktion TeleBaern 100% (a)|/de/job/praktikum-redaktion-teleb%C3%A4rn/113467560/|Bern|CH Media
Videojournalist/Redaktor TeleBaern 90% (a)|/de/job/videojournalist-redaktor-teleb%C3%A4rn/113467549/|Bern|CH Media
Frontend Developer Angular (w/m) 80-100%|/de/job/frontend-developer-angular/113467543/|Bern|medienjobs
Area Manager/Regional Manager (m/w/d)|/de/job/area-manager-regional-manager/113467522/|Bern|hoteljob
process  engineer _projects support|/de/job/process-engineer-_projects-support/113467519/|Bern|Randstad (Switzerland) Ltd.
Sales Manager (m/w) 100%|/de/job/sales-manager/113467477/|Bern|hoteljob
HTML/CSS Spezialist:in (60-100%)|/de/job/html-css-spezialist/7389213/|Bern|ictjobs (Stellenmarkt)
ICT Solution Engineer*in|/de/job/ict-solution-engineer/7389215/|Bern|ictjobs (Stellenmarkt)
Praktikant/in 80-100% fuer 12 Monate|/de/job/praktikant-f%C3%BCr-monate/6802427/|Urtenen-Schoenbuehl|EKB GmbH
Sachbearbeiter Datenmanagement (m/w/d)|/de/job/sachbearbeiter-datenmanagement/7389273/|Bern|Eidgenoessische Finanzmarktaufsicht FINMA
Sachbearbeiter Verkauf 100% (a)|/de/job/sachbearbeiter-verkauf/113467471/|Bern|CH Media
Koch/Koechin EFZ - Vapiano Bern|/de/job/koch-k%C3%B6chin-efz-vapiano-bern/113467425/|Bern|VAP
Sozialarbeiter*in befristet mit Option auf Verlaengerung                     40% - 70%|/de/job/sozialarbeiter-befristet-mit-option-auf-verl%C3%A4ngerung/113467412/|Bern|Stiftung Opferhilfe Bern
Koch /Koechin (m/w/d) 100% oder Pensum|/de/job/koch-k%C3%B6chin-oder-pensum/113467386/|Bern|hoteljob
Servicemitarbeiter (m/w)|/de/job/servicemitarbeiter/113467362/|Bern|hoteljob
Kommunikationsspezialist/in Projektleitung Publikation und Multimedia Producer 80%-100%|/de/job/kommunikationsspezialist-projektleitung-publikation-und-multimedia-producer/113467348/|Liebefeld|medienjobs
Projektleiter / Projektleiterin Marketingkommunikation|/de/job/projektleiter-projektleiterin-marketingkommunikation/113467335/|Moosseedorf|medienjobs
produktionsmitarbeiter (w/m/d) 100%|/de/job/produktionsmitarbeiter/113467316/|Bern|Randstad (Switzerland) Ltd.
HTML/CSS Spezialist:in (60-100%)|/de/job/html-css-spezialist/113467308/|Bern|medienjobs
logisticien cfc|/de/job/logisticien-cfc/113467261/|Bern|Randstad (Switzerland) Ltd.
MitarbeiterIn/ ArbeitsagogIn Reinigung w/m                     40%|/de/job/mitarbeiter-arbeitsagog-reinigung/113467248/|Zollikofen|Farb AG, Fachstelle Arbeitsintegration, Region Bern
Restaurantfachfrau 80-100%|/de/job/restaurantfachfrau/113467215/|Ittigen|Restaurant
Persoenliche Mitarbeiter/in Kommunikation (80-100%)|/de/job/pers%C3%B6nliche-mitarbeiter-kommunikation/113467196/|Bern|medienjobs
Polygraf*in / Layouter*in|/de/job/polygraf-layouter/113467169/|Belp|medienjobs
Social Media Managerin oder Social Media Manager|/de/job/social-media-managerin-oder-social-media-manager/113467165/|Burgdorf|medienjobs
polymechaniker (m/w)|/de/job/polymechaniker/113467147/|Bern|Randstad (Switzerland) Ltd.
Hochschulpraktikant/in Produktmanagement|/de/job/hochschulpraktikant-produktmanagement/113467091/|Zollikofen|Bundesamt fuer Informatik und Telekommunikation BIT
"Hochschulpraktikantin/-praktikant "">Hochschulpraktikantin/-praktikant ""Finanzierung regionaler Personenverkehr (RPV)"|/de/job/hochschulpraktikantin-praktikant-finanzierung-regionaler-personenverkehr/113467070/|Ittigen|Bundesamt fuer Verkehr BAV
tragehilfe (m/w) auf abruf|/de/job/tragehilfe-auf-abruf/113467056/|Bern|Randstad (Switzerland) Ltd.
Hilfskoch / Pizzeria|/de/job/hilfskoch-pizzeria/113467014/|Ostermundigen|Restaurant
HTML/CSS Spezialist:in (60-100%)|/de/job/html-css-spezialist/7389213/|Bern|ictjobs (Stellenmarkt)
Alliance &amp; Partner Manager|/de/job/alliance-partner-manager/7389068/|Burgdorf|Ypsomed AG
Praktikant/in 80-100% fuer 12 Monate|/de/job/praktikant-f%C3%BCr-monate/6802427/|Urtenen-Schoenbuehl|EKB GmbH
Pharmazeut oder Chemiker (w/m/d)|/de/job/pharmazeut-oder-chemiker/7389270/|Bern|Eidgenoessisches Institut fuer Geistiges Eigentum
Chef de partie M/F|/de/job/chef-partie/113467007/|Bern|Gastronet.ch
Sachbearbeiter Verkauf 100% (a)|/de/job/sachbearbeiter-verkauf/113467005/|Bern|CH Media
Community Manager 30-40%|/de/job/community-manager/113466980/|Bern|medienjobs
Social Media Manager 80%|/de/job/social-media-manager/113466974/|Bern|medienjobs
Mediensprecher*in Politik 90%|/de/job/mediensprecher-politik/113466968/|Bern|medienjobs
Praktikum Redaktion TeleBaern 100% (a)|/de/job/praktikum-redaktion-teleb%C3%A4rn/113466964/|Bern|medienjobs
Fachfrau/-mann Hauswirtschaft EFZ 60-80%|/de/job/fachfrau-mann-hauswirtschaft-efz/113466963/|Bern|Domicil
it business analyst (mit ux knowhow)|/de/job/business-analyst/113466952/|Bern|Randstad (Switzerland) Ltd.
Kuechen-Chef:in 100 %|/de/job/k%C3%BCchen-chef-100/113466951/|Bern|Provisorium46
galvaniker|/de/job/galvaniker/113466943/|Bern|Randstad (Switzerland) Ltd.
Betriebsassistent M/F|/de/job/betriebsassistent/113466897/|Bern|Gastronet.ch
elektroniker efz (w/m)|/de/job/elektroniker-efz/113466887/|Bern|Randstad (Switzerland) Ltd.
Koch/Kuechenchef|/de/job/koch-k%C3%BCchenchef/113466850/|Bern|gastro-express
Spezialistin/Spezialisten Marketing 80-100%|/de/job/spezialistin-spezialisten-marketing/113466833/|Bern|medienjobs
Kundenberater*in / Auftragsmanager*in  Verkaufsinnendienst 80-100%|/de/job/kundenberater-auftragsmanager-verkaufsinnendienst/113466831/|Zollikofen|medienjobs
Technischer Produzent 80-100% (a)|/de/job/technischer-produzent/113466816/|Bern|medienjobs
Service, Restauration|/de/job/service-restauration/113466787/|Schwarzenburg|Restaurant
Projektleiter/in digitale Medien 80-100%|/de/job/projektleiter-digitale-medien/113466734/|Bern|medienjobs
Videojournalist/Redaktor TeleBaern 90% (a)|/de/job/videojournalist-redaktor-teleb%C3%A4rn/113466733/|Bern|CH Media
Sozialpaedagoge (maennliches Teammitglied gesucht)                     60% - 80%|/de/job/sozialp%C3%A4dagoge/113466682/|Bern|BEO Heimgarten
HTML/CSS Spezialist:in (60-100%)|/de/job/html-css-spezialist/7389213/|Bern|ictjobs (Stellenmarkt)
ICT Solution Engineer*in|/de/job/ict-solution-engineer/7389215/|Bern|ictjobs (Stellenmarkt)
Praktikant/in 80-100% fuer 12 Monate|/de/job/praktikant-f%C3%BCr-monate/6802427/|Urtenen-Schoenbuehl|EKB GmbH
Projektleitung (m/w) 80 - 100%|/de/job/projektleitung/7389271/|Bern|NZZ
Fahrer/in Vapiano Lieferservice|/de/job/fahrer-vapiano-lieferservice/113466681/|Bern|VAP
Bereichsleiter/in PR und Kommunikation 100%|/de/job/bereichsleiter-und-kommunikation/113466679/|Bern|medienjobs
Fachmitarbeiter:in                     60% - 80%|/de/job/fachmitarbeiter/113466673/|Bern|YOUVITA
lagermitarbeiter (m/w/d) abenddienst 25%|/de/job/lagermitarbeiter-abenddienst/113466660/|Bern|Randstad (Switzerland) Ltd.
Verantwortliche*n Kommunikation und OEffentlichkeitsarbeit (80%)|/de/job/verantwortliche-kommunikation-und-%C3%B6ffentlichkeitsarbeit/113466657/|Bern|medienjobs
automation engineer projects support|/de/job/automation-engineer-projects-support/113466641/|Bern|Randstad (Switzerland) Ltd.
Alleinkoch 100%|/de/job/alleinkoch/113466638/|Schwarzenburg|Hotel
konstrukteur (m/w) 100%|/de/job/konstrukteur/113466628/|Bern|Randstad (Switzerland) Ltd.
Social Media Manager/in (50-80%)|/de/job/social-media-manager/113466620/|Bern|medienjobs
Frontend Developer, 80-100%|/de/job/frontend-developer/113466607/|Bern|medienjobs
Jungkoch 80% - 100% (m/w)|/de/job/jungkoch/113466602/|Bern|hoteljob
Fachspezialist*in Publishing 80-100%|/de/job/fachspezialist-publishing/113466600/|Bern|medienjobs
Sachbearbeiter Verkauf 100% (a)|/de/job/sachbearbeiter-verkauf/113466591/|Bern|medienjobs
Kuechenchef M/F|/de/job/k%C3%BCchenchef/113466561/|Bern|Gastronet.ch
Kreative Macherin oder Kreativer Macher gesucht. Ab August oder nach Vereinbarung. 40 bis 60%|/de/job/kreative-macherin-oder-kreativer-macher-gesucht-august-oder-nach-vereinbarung-bis/113466548/|Flamatt|medienjobs
sr engineer csv|/de/job/engineer-csv/113466528/|Bern|Randstad (Switzerland) Ltd.
Spezialist:in Social Media Management &amp; SEO|/de/job/spezialist-social-media-management-seo/113466519/|Belp|medienjobs
Nachtpraesenz                     15% - 20%|/de/job/nachtpr%C3%A4senz/113466512/|Wabern|Kompetenzzentrum Jugend und Familie Schlossmatt
Fachperson Heilpaedagogik                     80%|/de/job/fachperson-heilp%C3%A4dagogik/113466487/|Ostermundigen|Gemeinde Ostermundigen
Koch/Koechin EFZ als Stv. Leitung Verpflegung|/de/job/koch-k%C3%B6chin-efz-als-stv-leitung-verpflegung/113466477/|Lyss|Altersheim
HTML/CSS Spezialist:in (60-100%)|/de/job/html-css-spezialist/7389213/|Bern|ictjobs (Stellenmarkt)
Alliance &amp; Partner Manager|/de/job/alliance-partner-manager/7389068/|Burgdorf|Ypsomed AG
Praktikant/in 80-100% fuer 12 Monate|/de/job/praktikant-f%C3%BCr-monate/6802427/|Urtenen-Schoenbuehl|EKB GmbH
Verkaufsspezialist Solar (m/w/d)|/de/job/verkaufsspezialist-solar/7389257/|Zollikofen|CKW Bereich Gebaeudetechnik
Chef*fe de Partie 100%|/de/job/chef-partie/113466469/|Bern|Restaurant
HTML/CSS Spezialist:in (60-100%)|/de/job/html-css-spezialist/7389213/|Bern|ictjobs (Stellenmarkt)
ICT Solution Engineer*in|/de/job/ict-solution-engineer/7389215/|Bern|ictjobs (Stellenmarkt)
