Projektportfoliomanager:in Fahrbahnerneuerung und Gleisbaumaschinen|/de/job/projektportfoliomanager-fahrbahnerneuerung-und-gleisbaumaschinen/7376785/|Bern|SBB CFF FFS
Automatikmonteure / Schaltanlagenmonteure / Elektroinstallateure (m/w/d)|/de/job/automatikmonteure-schaltanlagenmonteure-elektroinstallateure/7376775/|Bern|Kollabo AG
Junior System Engineer, 80-100%|/de/job/junior-system-engineer/7356208/|Bern|Careerplus
Dipl. Pflegefachfrau / Pflegefachmann 40-70% Dauernachtwache|/de/job/dipl-pflegefachfrau-pflegefachmann-dauernachtwache/7352073/|Bern|Careerplus
Projektassistenz im Bau- und Immobilienwesen (w/m)|/de/job/projektassistenz-bau-und-immobilienwesen/7294696/|Bern|mha gmbh
Treuhaender sucht empatischen Zahlenmensch 60-100%|/de/job/treuh%C3%A4nder-sucht-empatischen-zahlenmensch/7376981/|Koeniz|Blaser Treuhand AG
Automobilfachmann/frau/Automobilmechatroniker/in/Automobildiagnostiker/in80-100%|/de/job/automobilfachmann-frau-automobilmechatroniker-automobildiagnostiker/6401754/|Koeniz|Auto Cosati AG
Geruestbauer (m/w) in Bern|/de/job/ger%C3%BCstbauer-bern/7376925/|Bern und Region|Kollabo AG
Maler (100%)|/de/job/maler/7376826/|Bern &amp; Region|Kollabo AG
Leiter/-in Kundendienst Carrosserie 100%|/de/job/leiter-kundendienst-carrosserie/7376742/|Bern|AMAG Group
Entwicklungsingenieur/in|/de/job/entwicklungsingenieur/7351726/|Grossraum Bern|Careerplus
Fachperson Gesundheit (temporaer)|/de/job/fachperson-gesundheit/7376466/|Region Bern / Berner Oberland|Joker Personal AG
Fachfrau / Fachmann Gesundheit|/de/job/fachfrau-fachmann-gesundheit/7376414/|Bern|Universitaere Psychatrische Dienste Bern (UPD)
Dipl. Pflegefachfrau oder Dipl. Sozialpaedagogin (a)|/de/job/dipl-pflegefachfrau-oder-dipl-sozialp%C3%A4dagogin/7376413/|Bern|Universitaere Psychatrische Dienste Bern (UPD)
Wiss. Mitarbeiter/in (90%) im Bereich -Post-Covid-19-Erkrankung-, Ref. 270|/de/job/wiss-mitarbeiter-bereich-post-covid-erkrankung-ref-270/7310785/|Bern|Wilhelm AG
Techniker fuer Sicherheitsanlagen (m/w/d)|/de/job/techniker-f%C3%BCr-sicherheitsanlagen/7308323/|Region Bern|Securiton AG
Techniker Fire Safety 80 - 100% (m/w/d)|/de/job/techniker-fire-safety/7308322/|Region Bern|Securiton AG
Dipl. Pflegefachfrau / Pflegefachmann HF/FH/AKP, Rehabilitation - Jobsharing denkbar|/de/job/dipl-pflegefachfrau-pflegefachmann-akp-rehabilitation-jobsharing-denkbar/7371180/|Bern|Careerplus
Projektleiterin / Projektleiter Unternehmensentwicklung 70-90%|/de/job/projektleiterin-projektleiter-unternehmensentwicklung/7376628/|Bern|BERNMOBIL
Senior Release Train Engineer (w/m/d)|/de/job/senior-release-train-engineer/7376990/|Bern|die Mobiliar
Teamleitung Haftpflicht- und Versicherungsrecht (w/m/d)|/de/job/teamleitung-haftpflicht-und-versicherungsrecht/7376809/|Bern|die Mobiliar
Sales Advisor (m/f/d)|/de/job/sales-advisor/7376264/|Bern|H&amp;M Hennes &amp; Mauritz AG
Sales Advisor (m/f/d)|/de/job/sales-advisor/7376263/|Bern|H&amp;M Hennes &amp; Mauritz AG
Ing-nieur-e forestier--re (EPF/HES)|/de/job/ing%C3%A9nieur-forestier-%C3%A8re/7377083/|Bern|SBB CFF FFS
Dipl. Pflegefachfrau/Dipl. Pflegefachmann HF/FH/DN II|/de/job/dipl-pflegefachfrau-dipl-pflegefachmann/7377179/|Kirchlindach|Tertianum AG
"Metallbauer (m/w) | Burgdorf"|/de/job/metallbauer-burgdorf/7376574/|Burgdorf|Kollabo AG
Berater/in Privatkunden 80 - 100 %|/de/job/berater-privatkunden-100/7376385/|Ostermundigen|Valiant Bank AG
Application Operation Manager 80 - 100 % (m/w/d)|/de/job/application-operation-manager-100/7308324/|Zollikofen|Securiton AG
Senior Kreditofficer (a) (80-100%)|/de/job/senior-kreditofficer/7376404/|Bern|Berner Kantonalbank AG
Projektleiter/-in|/de/job/projektleiter/7355068/|Grossraum Bern|Careerplus
Dipl. Physiotherapeutin / Dipl. Physiotherapeut 80-90%|/de/job/dipl-physiotherapeutin-dipl-physiotherapeut/7352787/|Region Bern|Careerplus
Fachfrau / Fachmann Gesundheit EFZ 40 - 90%|/de/job/fachfrau-fachmann-gesundheit-efz/7345292/|Grossraum Bern|Careerplus
Erfahrene Controllerin / erfahrener Controller|/de/job/erfahrene-controllerin-erfahrener-controller/7345286/|Raum Bern|Careerplus
Sachbearbeiter/in Betrieb Hauptquartier Armee|/de/job/sachbearbeiter-betrieb-hauptquartier-armee/7376457/|Bern|Verteidigung - Kommando Operationen Kdo Op
Cyber Security Experte/Expertin|/de/job/cyber-security-experte-expertin/7376453/|Bern|Schweizer Armee - Fuehrungsunterstuetzungsbasis FUB
Planer*in Fernwaerme und Energieanlagen 80 -100%|/de/job/planer-fernw%C3%A4rme-und-energieanlagen/7308550/|Bern|AW_DeutschSchweiz
Fachspezialist:in Vertriebssteuerung/Controlling|/de/job/fachspezialist-vertriebssteuerung-controlling/7376443/|Bern|PostFinance
Business Analyst Vertriebs-Cockpit (w/m/d)|/de/job/business-analyst-vertriebs-cockpit/7376442/|Bern|PostFinance
ICT-Berater/in Senior|/de/job/ict-berater-senior/7376462/|Bern|Schweizer Armee - Fuehrungsunterstuetzungsbasis FUB
ICT-Supporter/in|/de/job/ict-supporter/7376460/|Bern|Schweizer Armee - Fuehrungsunterstuetzungsbasis FUB
Medizinische/r Praxisassistent/in|/de/job/medizinische-praxisassistent/7376447/|Bern|Medbase
Fleischfachmann / Koch (m/w/d) mit administrativer Erfahrung|/de/job/fleischfachmann-koch-mit-administrativer-erfahrung/7376478/|Bern|M-rat &amp; Cie. AG
Mitarbeiter Innendienst (all genders) fuer die Generalagentur Bern-Zentrum|/de/job/mitarbeiter-innendienst-f%C3%BCr-die-generalagentur-bern-zentrum/7376452/|Bern|AXA Aussendienst
Spezialist*in Kreditabwicklung|/de/job/spezialist-kreditabwicklung/7243144/|Bern|Migros Bank AG
Fleischfachmann / Koch (m/w/d) mit administrativer Erfahrung|/de/job/fleischfachmann-koch-mit-administrativer-erfahrung/7376268/|Bern|M-rat &amp; Cie AG
Search Engine Advertising Manager (80%-100%)|/de/job/search-engine-advertising-manager/7377170/|Bern|ads&amp;figures AG
Betriebselektriker (m/w/d)|/de/job/betriebselektriker/7377010/|Bern-Bruennen|Kollabo AG
Mandatsleiter/in Treuhand (Partner)|/de/job/mandatsleiter-treuhand/7376625/|Bern|IVP Ivan Vaccari Personalberatung
Dipl. Pflegefachfrau/Dipl. Pflegefachmann HF/FH/DN II|/de/job/dipl-pflegefachfrau-dipl-pflegefachmann/7377179/|Kirchlindach|Tertianum AG
Montage-Elektriker (m/w)|/de/job/montage-elektriker/7377100/|Burgdorf und Region|Kollabo AG
Fachkraft Transportteam (m/w)|/de/job/fachkraft-transportteam/7376383/|Muehleberg|BKW Energie AG
Gesucht: Geruestbauer (m/w) in Burgdorf|/de/job/gesucht-ger%C3%BCstbauer-burgdorf/7376918/|Burgdorf|Kollabo AG
TreuhaenderIn mit eidg. Fachausweis|/de/job/treuh%C3%A4nder-mit-eidg-fachausweis/7376624/|Bern|IVP Ivan Vaccari Personalberatung
Dipl. Treuhandexperte (w/m)|/de/job/dipl-treuhandexperte/7376623/|Bern|IVP Ivan Vaccari Personalberatung
Dipl. Wirtschaftspruefer/in|/de/job/dipl-wirtschaftspr%C3%BCfer/7376622/|Bern|IVP Ivan Vaccari Personalberatung
Verkaufsprofi Solar Photovoltaik|/de/job/verkaufsprofi-solar-photovoltaik/7377082/|Bern|Evojob GmbH
Automatiker (m/w)|/de/job/automatiker/7376933/|Bern|Kollabo AG
Forstingenieur:in (ETH/FH) oder Master of Science ETH in Umweltnaturwissenschaften|/de/job/forstingenieur-oder-master-science-eth-umweltnaturwissenschaften/7376806/|Bern|SBB CFF FFS
Projektportfoliomanager:in Fahrbahnerneuerung und Gleisbaumaschinen|/de/job/projektportfoliomanager-fahrbahnerneuerung-und-gleisbaumaschinen/7376785/|Bern|SBB CFF FFS
Automatikmonteure / Schaltanlagenmonteure / Elektroinstallateure (m/w/d)|/de/job/automatikmonteure-schaltanlagenmonteure-elektroinstallateure/7376775/|Bern|Kollabo AG
Junior System Engineer, 80-100%|/de/job/junior-system-engineer/7356208/|Bern|Careerplus
Entwicklungsingenieur / Konstrukteur|/de/job/entwicklungsingenieur-konstrukteur/7355076/|Bern|Careerplus
Projektleiter:in BIM Standardisierung und Branche|/de/job/projektleiter-bim-standardisierung-und-branche/7376737/|Bern|SBB CFF FFS
Lead Technician Industrial IT|/de/job/lead-technician-industrial/7376666/|Bern|Randstad (Schweiz) AG
Dipl. Pflegefachfrau / Pflegefachmann 40-70% Dauernachtwache|/de/job/dipl-pflegefachfrau-pflegefachmann-dauernachtwache/7352073/|Bern|Careerplus
Software Engineer / Solution Architect im Bereich Analytics (m/w)|/de/job/software-engineer-solution-architect-bereich-analytics/7376530/|Bern|SBB CFF FFS
Lehrabgaenger KV / Informatik // Johnson &amp; Johnson|/de/job/lehrabg%C3%A4nger-informatik-johnson-johnson/7376500/|Bern|Randstad (Schweiz) AG, c/o Johnson &amp; Johnson
Monteur Medizintechnik / Maschinenbau|/de/job/monteur-medizintechnik-maschinenbau/7312326/|Bern|yellowshark- AG
Automation Engineer|/de/job/automation-engineer/7376458/|Bern|Mondelez International
Wissenschaftliche/r Mitarbeiter/in politische Geschaefte|/de/job/wissenschaftliche-mitarbeiter-politische-gesch%C3%A4fte/7376461/|Liebefeld|Bundesamt fuer Gesundheit BAG
Spezialist/in Payroll|/de/job/spezialist-payroll/7376455/|Liebefeld|Bundesamt fuer Gesundheit BAG
SERVICETECHNIKER/IN OEL|/de/job/servicetechniker/7309060/|Bern|Elcotherm AG
Dipl. Pflegefachfrau/Dipl. Pflegefachmann HF/FH/DN II|/de/job/dipl-pflegefachfrau-dipl-pflegefachmann/7377179/|Kirchlindach|Tertianum AG
Automatiker (100%)|/de/job/automatiker/7377006/|Burgdorf und Region|Kollabo AG
"Metallbauer (m/w) | Burgdorf"|/de/job/metallbauer-burgdorf/7376574/|Burgdorf|Kollabo AG
Montage-Elektriker (m/w)|/de/job/montage-elektriker/7377100/|Burgdorf und Region|Kollabo AG
Berater/in Privatkunden 80 - 100 %|/de/job/berater-privatkunden-100/7376385/|Ostermundigen|Valiant Bank AG
ICT Business Analyst / Requirements Engineer|/de/job/ict-business-analyst-requirements-engineer/7376474/|Bern|Poste CH SA
Systemadministrator Data Center 80-100% (m/w)|/de/job/systemadministrator-data-center/7376327/|Bern|yellowshark- AG
UX/UI Design-Spezialist 80 - 100% (m/w)|/de/job/design-spezialist/7376324/|Bern|yellowshark- AG
Inbetriebnahmetechniker (m/w) 100%|/de/job/inbetriebnahmetechniker/7376310/|Bern|yellowshark- AG
Sachbearbeiter/in Administration &amp; Marketing 100%|/de/job/sachbearbeiter-administration-marketing/7376963/|Muri b. Bern|DESA AUTOGLASS AG
Process Engineer _Projects Support|/de/job/process-engineer-_projects-support/7376573/|Bern|Randstad (Schweiz) AG
Medizinische Praxisassistentin / Medizinischer Praxisassistent 50-100%|/de/job/medizinische-praxisassistentin-medizinischer-praxisassistent/7345280/|Bern|Careerplus
FaGe als Berufsbildner:in 60-100%|/de/job/fage-als-berufsbildner/7345674/|Bern|Careerplus
Med. Praxisassistentin / Praxisassistent EFZ (MPA)|/de/job/med-praxisassistentin-praxisassistent-efz/7345287/|Bern|Careerplus
MPA - Med. Praxisassistentin / Praxisassistent mit flexiblem Pensum|/de/job/mpa-med-praxisassistentin-praxisassistent-mit-flexiblem-pensum/7345300/|Bern|Careerplus
Leiter/in HR Beratung|/de/job/leiter-beratung/7344476/|Bern|Careerplus
Regulatory Affairs Specialist|/de/job/regulatory-affairs-specialist/7226848/|Bern|Badenoch + Clark
IntegrationsspezialistIn SAP(PI/PO)|/de/job/integrationsspezialist-sap/7376859/|Ostermundigen|Emmi Schweiz AG
Dipl. Pflegefachfrau/Dipl. Pflegefachmann HF/FH/DN II|/de/job/dipl-pflegefachfrau-dipl-pflegefachmann/7377179/|Kirchlindach|Tertianum AG
Mitarbeiter*in Spielbetrieb (90-100%)|/de/job/mitarbeiter-spielbetrieb/7376276/|Ittigen|swiss unihockey
Application Operation Manager 80 - 100 % (m/w/d)|/de/job/application-operation-manager-100/7308324/|Zollikofen|Securiton AG
SACHBEARBEITUNG FAKTURIERUNG UND BESCHAFFUNG (M/W/D)|/de/job/sachbearbeitung-fakturierung-und-beschaffung/7376465/|Guemligen|SPS Holding AG
Schulleiter*in|/de/job/schulleiter/7376426/|Bern|Stadt Bern
Product Manager/in Systemintegration &amp; Reliability|/de/job/product-manager-systemintegration-reliability/7376454/|Zollikofen|Bundesamt fuer Informatik und Telekommunikation BIT
Gipser (m/w)|/de/job/gipser/7376868/|Region Burgdorf|Kollabo AG
Automatiker (100%)|/de/job/automatiker/7377006/|Burgdorf und Region|Kollabo AG
Gipser (m/w)|/de/job/gipser/7376868/|Region Burgdorf|Kollabo AG
Techniker:in Worb 100%|/de/job/techniker-worb/7376958/|Worb|DESA AUTOGLASS AG
Fachkraft Transportteam (m/w)|/de/job/fachkraft-transportteam/7376383/|Muehleberg|BKW Energie AG
Chauffeur auf Saug- und Sp-?lfahrzeug|/de/job/chauffeur-auf-saug-und-sp%C3%A3-lfahrzeug/7376649/|Muensingen|RohrMax AG
Region Schwarzenburg: FAGE 60-100%|/de/job/region-schwarzenburg-fage/7376692/|Schwarzenburg|Impirio AG Medical
Collaborateur au Service Clients (H/F/D) 100%|/de/job/collaborateur-service-clients/7355623/|Kallnach|jobs.ch
Sales Professional (w/m/d)|/de/job/sales-professional/7376973/|Lyss|Selectron Systems AG
Gesucht: Geruestbauer (m/w) in Burgdorf|/de/job/gesucht-ger%C3%BCstbauer-burgdorf/7376918/|Burgdorf|Kollabo AG
Maler (m/w)|/de/job/maler/7376719/|Burgdorf|Kollabo AG
"Metallbauer (m/w) | Burgdorf"|/de/job/metallbauer-burgdorf/7376574/|Burgdorf|Kollabo AG
Servicetechniker / Servicetechnikerin|/de/job/servicetechniker-servicetechnikerin/7369505/|Burgdorf|Careerplus
Exportfachmann (m/w) 100%|/de/job/exportfachmann/7312968/|Burgdorf|yellowshark- AG
Montage-Elektriker (m/w)|/de/job/montage-elektriker/7377100/|Burgdorf und Region|Kollabo AG
Filialmitarbeiter (m/w) 40-60%|/de/job/filialmitarbeiter/7376740/|Lyss|Lidl Schweiz
Sitzwache|/de/job/sitzwache/113453987/|Bern|Coople (Schweiz) AG
Service Gastronomie|/de/job/service-gastronomie/113453976/|Bern|Coople (Schweiz) AG
SAP Berechtigungsspezialist/in 60-100%|/de/job/sap-berechtigungsspezialist/113453968/|Bern oder Zuerich|Marco R. Fuhrer Unternehmensberatung
SAP Controlling Consultant 60-100%|/de/job/sap-controlling-consultant/113453967/|Bern oder Zuerich|Marco R. Fuhrer Unternehmensberatung
Senior Policy Specialist im Fachgebiet Sustainable Finance (m/w/d)|/de/job/senior-policy-specialist-fachgebiet-sustainable-finance/113453903/|Bern oder Zuerich|Eidgenoessische Finanzmarktaufsicht (FINMA)
Geruestbauer (m/w) in Bern|/de/job/ger%C3%BCstbauer-bern/7376925/|Bern und Region|Kollabo AG
Maler (100%)|/de/job/maler/7376826/|Bern &amp; Region|Kollabo AG
Geruestbauer (m/w) in Bern|/de/job/ger%C3%BCstbauer-bern/7376925/|Bern und Region|Kollabo AG
Maler (100%)|/de/job/maler/7376826/|Bern &amp; Region|Kollabo AG
Bereichsleiter*in Notrufzentrale und Einsatzkonzeption 80% - 100%|/de/job/bereichsleiter-notrufzentrale-und-einsatzkonzeption/113453900/|Bern|Stadt Bern
Servicemitarbeiter (m/w)|/de/job/servicemitarbeiter/113453867/|Bern|Holiday
Oberarzt/-aerztin Epileptologie|/de/job/oberarzt-%C3%A4rztin-epileptologie/113453863/|Bern|fmhjob
Praktikant Gastronomie / Restaurant / F&amp;B (m/w) Servicepraktikum im Pi- Kornhaus Bern|/de/job/praktikant-gastronomie-restaurant-servicepraktikum-pi%C3%B9-kornhaus-bern/113453830/|Bern|hoteljob
Dienstarzt/-aerztin fuer Wochenend- und/oder Nachtdienste 50-100%|/de/job/dienstarzt-%C3%A4rztin-f%C3%BCr-wochenend-und-oder-nachtdienste/113453826/|Bern|Klinik
Geschaeftsfuehrer/-in Rest.Tagesstellle (80-100%)|/de/job/gesch%C3%A4ftsf%C3%BChrer-rest-tagesstellle/113453756/|Bern|Insearch.Swiss
Praktikant F&amp;B (m/w) Aufbaupraktikum F&amp;B im Pi- Kornhaus Bern|/de/job/praktikant-aufbaupraktikum-pi%C3%B9-kornhaus-bern/113453740/|Bern|hoteljob
Entwicklungsingenieur/in|/de/job/entwicklungsingenieur/7351726/|Grossraum Bern|Careerplus
Fachperson Gesundheit (temporaer)|/de/job/fachperson-gesundheit/7376466/|Region Bern / Berner Oberland|Joker Personal AG
