Mitarbeiter*in Spielbetrieb (90-100%)|2022-06-06|Ittigen bei Bern|True|https://www.jobs.ch/de/stellenangebote/detail/7b6cb78f-0130-4e15-9d21-10821a8be921/
Sales Advisor (m/f/d)|2022-06-06|Bern|True|https://www.jobs.ch/de/stellenangebote/detail/80fe6df2-d461-4a25-8081-0bcb710527f5/
Sales Advisor (m/f/d)|2022-06-06|Bern|True|https://www.jobs.ch/de/stellenangebote/detail/0b52458a-b5ac-426e-b557-9baaa0d6ff42/
Fleischfachmann / Koch (m/w/d) mit administrativer Erfahrung|2022-06-06|Bern|True|https://www.jobs.ch/de/stellenangebote/detail/e236b725-bb2f-4787-8386-7e94948faa61/
Fachperson Kranken- und Unfallversicherung Lehrpersonen 80 - 100 %|2022-06-06|Bern|True|https://www.jobs.ch/de/stellenangebote/detail/ca8ae18c-efe9-44c1-9f3d-455348016076/
Chef de Rang (m/w/d), 100% unbefristet|2022-06-06|Bern|True|https://www.jobs.ch/de/stellenangebote/detail/928fc4ed-7ee2-4bb1-aa25-9129ef6256fe/
Gruppenchef Netzelektriker (w/m)|2022-06-06|Steffisburg|True|https://www.jobs.ch/de/stellenangebote/detail/ec4be683-4b77-4df2-a70d-01fb85210648/
Senior Policy Specialist im Fachgebiet Sustainable Finance (m/w/d)|2022-06-06|Bern oder Zuerich|True|https://www.jobs.ch/de/stellenangebote/detail/168975e4-53f5-4062-8b38-eae0d3e1cd94/
Bereichsleiter*in Notrufzentrale und Einsatzkonzeption|2022-06-06|Bern|True|https://www.jobs.ch/de/stellenangebote/detail/6fcfd50d-df81-44df-aecc-2839d48d25e0/
Manager Marketing Kommunikation mit Fokus auf Multimedia 80-100% (m/w/d)|2022-06-06|Steffisburg|True|https://www.jobs.ch/de/stellenangebote/detail/bd54e729-e75c-404a-8c03-6c961f387f00/
Servicetechniker (m/w/d)|2022-06-06|Steffisburg|True|https://www.jobs.ch/de/stellenangebote/detail/70f23e89-b54f-4671-9be2-22db70c47583/
Wissenschaftliche/n Mitarbeiter/in Strategieentwicklung (80-100%), Ref. 262|2022-06-06|Bern|True|https://www.jobs.ch/de/stellenangebote/detail/0fa50565-d945-4308-8259-b11c1ed9df78/
Head of Business Applications 80 - 100 % m/w|2022-06-06|Koeniz|True|https://www.jobs.ch/de/stellenangebote/detail/0c39fe82-3e46-4249-ad7d-7c6fba676444/
Exportsachbearbeiter/ in 50% - 70%|2022-06-06|Rueti b. Bueren|True|https://www.jobs.ch/de/stellenangebote/detail/cff6c067-64a3-4eb2-be71-ef101e1ecae3/
Cyber Security Consultant (w/m/d), 100%|2022-06-06|Glattpark (Opfikon) Zollikofen|True|https://www.jobs.ch/de/stellenangebote/detail/b4cdbfb6-65bb-4c06-a44f-d37507128608/
Tecnico di assistenza Italia (m/f/d)|2022-06-06|Steffisburg|True|https://www.jobs.ch/de/stellenangebote/detail/1c01639b-8009-432b-a4fa-9ac520ec857e/
Leiter Umwelttechnik - 100% (m/w/d)|2022-06-06|Rueti b. Bueren|True|https://www.jobs.ch/de/stellenangebote/detail/78c7bec8-1949-4991-b732-b9d6c14ecd8e/
Senior System Architect Rail (m/w/d), 100%|2022-06-06|Glattpark (Opfikon) Zollikofen|True|https://www.jobs.ch/de/stellenangebote/detail/c6e11275-1835-461c-ba8c-7748a7641e40/
Datenmanagement Specialist 100%|2022-06-06|Kirchberg BE|True|https://www.jobs.ch/de/stellenangebote/detail/1a157aab-8537-4d4c-8cd8-f88528a1d3f0/
Mitarbeiter/in Patientenmanagement Disposition 80-100%|2022-06-06|Tschugg|True|https://www.jobs.ch/de/stellenangebote/detail/ea9570d3-841b-4fa8-8b77-38ffd7d277be/
Fachfrau/mann Gesundheit oder Mitarbeiter/in EEG-Labor 80%-100%|2022-06-06|Tschugg|True|https://www.jobs.ch/de/stellenangebote/detail/0bf71bb8-60cc-46bd-a45d-e3579a12ada6/
Automaticienne / Automaticien|2022-06-06|Biel|True|https://www.jobs.ch/de/stellenangebote/detail/3cc2bc34-7ef3-4b84-aa4d-25f06881f1d7/
Automatician / Electromechanics|2022-06-06|Biel|True|https://www.jobs.ch/de/stellenangebote/detail/5a72ba93-0e3a-49e2-8d7d-3763112366c4/
Automatiker (w/m) im Steuerungs-und Schaltanlagenbau|2022-06-06|Steffisburg|True|https://www.jobs.ch/de/stellenangebote/detail/eb04c2e6-b48a-4e00-bacd-35d2c64d1e46/
Projektleiter (w/m) im Steuerungs-und Schaltanlagenbau|2022-06-06|Steffisburg|True|https://www.jobs.ch/de/stellenangebote/detail/785bc733-3107-4200-83ea-c4ae90ada1ed/
Technicien de maintenance au service externe|2022-06-06|Biel|True|https://www.jobs.ch/de/stellenangebote/detail/519a2d71-f669-4950-b096-272674436d4e/
Digital Marketing Project Leader - 100%|2022-06-06|Biel/Bienne|True|https://www.jobs.ch/de/stellenangebote/detail/5242728f-2379-43ee-af2c-0b9407b45004/
Assistant (e) Marketing & Communication 100%|2022-06-06|Moutier|True|https://www.jobs.ch/de/stellenangebote/detail/1c1cd410-798f-4339-8c35-dc3dafa20f74/
PRODUCT MANAGER 100%|2022-06-06|Biel|True|https://www.jobs.ch/de/stellenangebote/detail/6b0e776d-f208-4c73-9b4a-c852e64317a3/
Leiterin HR Administration|2022-06-06|Ins|True|https://www.jobs.ch/de/stellenangebote/detail/6dc3f307-9c24-478b-a2a4-44c3b085fd16/
Infographiste 3D - CDD 1 an|2022-06-06|St-Imier|True|https://www.jobs.ch/de/stellenangebote/detail/98853d87-5f06-4352-9d67-2a080cce5501/
Product & Marketing Budget Coordinator 100%|2022-06-06|Biel/Bienne|True|https://www.jobs.ch/de/stellenangebote/detail/5c30337f-cfa1-4cb8-bc2c-707acf91a7ac/
Sales Coordinator 60-80%|2022-06-06|Lengnau (BE)|True|https://www.jobs.ch/de/stellenangebote/detail/67810f62-2614-40dc-a45d-a2f2731f5a1f/
Op-rateur polyvalent tr-filage|2022-06-06|Tavannes|True|https://www.jobs.ch/de/stellenangebote/detail/cc8d269b-4a20-437d-8522-29b71b4643d6/
Manager Vente interne 100%|2022-06-06|Gals|True|https://www.jobs.ch/de/stellenangebote/detail/536be47d-813f-4f45-b9fd-010b2a8321ea/
SAP DEVELOPER|2022-06-06|Bienne|True|https://www.jobs.ch/de/stellenangebote/detail/49dc1ca8-8c29-4d0a-add0-96821c26f42a/
Directrice / Directeur (80 - 100%)|2022-06-06|Bienne|True|https://www.jobs.ch/de/stellenangebote/detail/ed3cb3a2-b368-4c55-b070-4f31be1e1de9/
"Collaborateur/-trice ""customer Service"" (H/F/D)"|2022-06-06|2520 La Neuveville|True|https://www.jobs.ch/de/stellenangebote/detail/77af8813-0786-4711-b08c-ec3b49cd323d/
Horloger polyvalent CS|2022-06-06|St-Imier|True|https://www.jobs.ch/de/stellenangebote/detail/867edfd0-f49c-43f0-bcc8-69633e9caf08/
Secr-taire g-n-ral(e) odasant- (80 - 100%)|2022-06-06|Berne|True|https://www.jobs.ch/de/stellenangebote/detail/92a0f48a-02f6-49bf-96f4-8d0d3d7c119e/
